Назва,Символ,Ціна (USD),Ринкова капіталізація,Зміна за 24 год (%)
Bitcoin,BTC,78061,1562754122635,0.45283
Ethereum,ETH,2346.26,283098517324,1.21147
Tether,USDT,1.0,189813443127,-0.00408
XRP,XRP,1.43,88099885131,-0.17346
BNB,BNB,632.74,85258569550,0.17745
USDC,USDC,0.999921,77686540216,0.009
Solana,SOL,86.53,49832427301,-0.08482
TRON,TRX,0.323557,30674695059,0.08956
Figure Heloc,FIGR_HELOC,1.02,17448486350,-0.6184
Dogecoin,DOGE,0.09894,15238987011,0.38136
